,species,Katz_in_P,Katz_out_P
0,"(Azteca,Beatle)",8.95358544911073,5.898908296475584
1,Phorid,5.5471241277974315,12.360046770423924
2,"(Azteca,(Scale,Beatle))",8.95358544911073,4.622490228625361
3,"(Scale,Beatle)",12.902945943482248,5.898908296475584
4,Scale,10.429320272391312,16.873864022671025
5,"(Beatle,Scale)",15.35482280818789,11.362155922613574
6,Azteca,7.404593677191832,19.95028998169139
7,"(Azteca,(Beatle,Scale))",8.95358544911073,7.977443407685599
8,Beatle,14.421987157965528,7.9774434076856
