,species,Katz_in_P,Katz_out_P
0,Scale,10.429320272391134,16.873864022671057
1,Phorid,5.547124127797348,12.36004677042395
2,Beatle,14.421987157965283,7.977443407685615
3,"(Azteca,Beatle)",8.953585449110587,5.898908296475595
4,"(Scale,Beatle)",12.90294594348203,5.898908296475595
5,Azteca,7.40459367719171,19.95028998169143
6,"(Azteca,(Beatle,Scale))",8.953585449110587,7.977443407685615
7,"(Beatle,Scale)",15.35482280818763,11.362155922613598
8,"(Azteca,(Scale,Beatle))",8.953585449110587,4.622490228625369
